L1-APD1,L1-APD2,L2-APD1,L2-APD2,L3-APD1,L3-APD2,L4-APD1,L4-APD2
0.11425514221191424,0.01189804077148425,0.02311195373535159,0.09557266235351562,0.006156158447265633,0.005385360717773473,0.009912033081054684,0.007489471435547037
0.11471939086914082,0.011891021728515517,0.023102264404296878,0.09675071716308592,0.006091079711914065,0.0054499053955078475,0.009925155639648454,0.007628860473632856
0.11557723999023457,0.011878356933593683,0.022628173828125,0.09665130615234382,0.006150741577148436,0.00526535034179694,0.009856262207031216,0.007445831298828266
