L1-APD1,L1-APD2,L2-APD1,L2-APD2,L3-APD1,L3-APD2,L4-APD1,L4-APD2
0.06949111938476576,0.0011618041992187541,0.01636558532714848,0.05647102355957036,0.0010269165039062445,0.0016643524169921886,-0.0032570648193359503,-0.0013883972167968851
0.06945709228515624,0.0010908508300781303,0.01637840270996091,0.05771682739257816,0.0009951019287109423,0.0016918182373047222,-0.0033201599121093907,-0.0013860321044922024
0.06937492370605468,0.001006164550781262,0.01612915039062505,0.058679504394531304,0.0010346984863281294,0.0016828155517578385,-0.0033507537841797057,-0.0013983154296875393
