L1-APD1,L1-APD2,L2-APD1,L2-APD2,L3-APD1,L3-APD2,L4-APD1,L4-APD2
0.006768356323242512,0.008811126708984837,0.007937072753906715,0.00745555114746115,0.15844894409179974,0.0813405303955089,0.031938079833983876,0.1282813110351557
0.006520385742187825,0.008842071533203528,0.00789614868164108,0.007456558227539283,0.15858787536621358,0.08117001342773653,0.03197808837890575,0.12838165283203073
0.006612396240234716,0.008836486816406697,0.007921875000000477,0.0074551849365236764,0.15893870544433736,0.08146238708496195,0.03198312377929658,0.1285681457519519
0.006557464599609672,0.00883273315429741,0.00797607421875048,0.007440628051758054,0.15880664062500177,0.08143560791015667,0.0320713348388667,0.12845375061035055
0.006612625122070617,0.008868209838867637,0.00791056823730518,0.007449050903320537,0.15916044616699493,0.08151393127441525,0.0320613098144526,0.12871362304687295
0.00665936279296905,0.008785766601563052,0.007950119018555139,0.007432342529297148,0.15940306091308878,0.0815174102783208,0.032030319213866655,0.1287430114746079
0.006645584106445579,0.00886065673828169,0.007914505004883271,0.0074425048828127725,0.15918804931640887,0.08170898437500017,0.03200811767578055,0.12883804321288952
0.006744049072265943,0.008805816650391134,0.007939407348633317,0.007443511962890855,0.15922073364258052,0.08169030761718774,0.03199571228027303,0.12901016235351334
