L1-APD1,L1-APD2,L2-APD1,L2-APD2,L3-APD1,L3-APD2,L4-APD1,L4-APD2
-0.15570812988281282,-0.0007256469726563601,-0.023507675170899293,-0.0006538238525391831,-0.000686187744140651,0.00045245361328126715,-0.004405288696289226,0.00038905334472657724
-0.13538117980956535,-0.0006077270507813606,-0.023055679321289674,-0.0007290802001954316,-0.000978973388671912,0.00039157104492188984,-0.00490393066406274,0.0003853454589843896
-0.1381131134033171,-0.0005962829589844806,-0.021777145385743168,-0.0007477111816407427,-0.0009792480468750371,0.00043391418457032894,-0.004851791381836272,0.0004063568115234529
-0.13764669799804402,-0.0006914062500001151,-0.021674880981446397,-0.0007873992919923099,-0.0009702758789062868,0.000408554077148453,-0.004935607910156507,0.0004224700927734535
-0.13785250854491882,-0.0006861419677735468,-0.021762908935547883,-0.0007560424804688695,-0.0009985198974609753,0.0004993286132812689,-0.005020339965820582,0.00032904052734376247
-0.1379777526855442,-0.0007212982177735535,-0.021697860717774454,-0.0007068328857423069,-0.0009347991943359729,0.0003111419677734493,-0.004980560302734674,0.00042118835449220346
-0.1381405792236306,-0.0007380523681641759,-0.02156391906738389,-0.0008413238525391846,-0.00099092102050785,0.0005264739990234575,-0.0049039306640627734,0.0003774719238281393
-0.13793096923827852,-0.0006430664062501139,-0.020695404052735615,-0.0006047058105469955,-0.0010253448486328514,0.00046879577636720527,-0.004990768432617481,0.00043647766113282904
