L1-APD1,L1-APD2,L2-APD1,L2-APD2,L3-APD1,L3-APD2,L4-APD1,L4-APD2
0.002796524047851634,0.0003673095703125139,-0.0008955230712890964,0.0004008178710937652,0.11270796203613043,-0.000558151245117249,0.031042098999023264,-0.0007001495361328939
0.0027775726318359957,0.0003595275878906386,-0.0009040374755859718,0.00043441772460939146,0.11242465209960663,-0.0006668243408203618,0.031049194335937277,-0.0006568908691407035
0.0027533111572266332,0.0003753662109375142,-0.0009347534179687854,0.0004464569091797044,0.11271510314941112,-0.0006074981689453737,0.031142166137695,-0.0007386474609375833
0.0027350006103516455,0.0004140014648437657,-0.0009216613769531599,0.00042077636718751595,0.11283105468749695,-0.0006161956787110042,0.031183364868163962,-0.000654602050781332
0.00274511718750006,0.0005117797851562694,-0.0009061431884765968,0.0003953704833984525,0.11293945312499751,-0.0005998992919922525,0.0310736389160151,-0.0007303619384766459
0.0027487335205078874,0.00039221191406251486,-0.0009335632324219104,0.0003662109375000139,0.11312040710448996,-0.0005341186523438216,0.031137268066406,-0.0005835571289063322
0.0027239685058594357,0.0003643341064453263,-0.00092459106445316,0.0003327484130859501,0.1130523376464822,-0.0006268157958985009,0.031058486938476227,-0.0006150970458985129
0.002714080810546949,0.0003222198486328247,-0.000964187622070349,0.0003430023193359505,0.11312686157226252,-0.000554580688476621,0.031026443481445138,-0.000601318359375079
