L1-APD1,L1-APD2,L2-APD1,L2-APD2,L3-APD1,L3-APD2,L4-APD1,L4-APD2
0.19532734680176814,0.2409077453613353,0.08633193969726477,0.25796406555176077,0.007689559936523868,0.008687438964844387,0.010577682495117806,0.008845092773437997
0.18438761901855488,0.2367494659423864,0.09538613891601913,0.25493920898438993,0.007916290283203644,0.008803344726563005,0.011030044555664649,0.009012222290039314
0.18752833557129184,0.22896153259277283,0.09579180908203495,0.25505575561524946,0.007891067504883307,0.008821975708008209,0.011030731201172513,0.009007324218750248
0.18787115478516034,0.23500236511230563,0.09583882141113627,0.25560040283204644,0.00787220764160207,0.008791946411133317,0.011028625488281834,0.0089664459228519
0.18829641723633112,0.2350034179687516,0.09599656677246496,0.2557578735351707,0.00793817138671924,0.008844085693359949,0.011098983764649017,0.009043350219726852
0.1873544311523461,0.2349061889648441,0.0958862915039099,0.2556779022216959,0.007844467163086406,0.00876846313476615,0.011012786865234986,0.009000411987304991
0.18763041687011942,0.2343554534912102,0.09581185913086351,0.2551120147705209,0.007901550292969262,0.008747497558594303,0.011070922851563112,0.009031265258789391
0.18580467224121244,0.23365608215331934,0.09521026611328436,0.25421273803712313,0.007901229858398884,0.008781097412109869,0.01107994079589905,0.009026275634765829
