L1-APD1,L1-APD2,L2-APD1,L2-APD2,L3-APD1,L3-APD2,L4-APD1,L4-APD2
83.15540195818798,10.88584182348785,89.67677209257653,10.42336207523273,297.8626392956549,38.80197136455216,271.47796681569895,169.70605274021696
