L1-APD1,L1-APD2,L2-APD1,L2-APD2,L3-APD1,L3-APD2,L4-APD1,L4-APD2
0.015635681152343758,0.07158752441406258,0.01885070800781249,0.07395141601562506,0.006658020019531252,0.005821533203125012,0.006560974121093759,0.006338806152343727
0.015470886230468736,0.0688424682617188,0.018225402832031258,0.0764785766601564,0.0065750122070312444,0.005905151367187502,0.006610717773437523,0.006301269531249976
0.015367431640625005,0.07390228271484385,0.020676574707031263,0.07420318603515628,0.0065142822265624924,0.005882568359375014,0.006634826660156265,0.006396179199218718
0.015728759765625003,0.07705902099609384,0.021496887207031252,0.07525268554687511,0.006453857421874997,0.0058233642578125015,0.006616821289062503,0.006262817382812471
0.016948547363281254,0.0735861206054688,0.021293334960937486,0.07282897949218753,0.006503601074218738,0.005783081054687491,0.0067047119140625,0.006266479492187499
0.016470642089843744,0.07563262939453133,0.022472229003906274,0.08115966796875006,0.006468505859374999,0.0058847045898437166,0.006528625488281247,0.0063659667968749886
0.016588745117187484,0.07470245361328136,0.022609558105468767,0.0813073730468751,0.0064202880859375,0.0058111572265625265,0.006629028320312513,0.006322937011718738
0.016604919433593743,0.07686126708984387,0.02207244873046874,0.07933715820312516,0.006481628417968748,0.005825500488281255,0.0065765380859375,0.006385192871093737
