L1-APD1,L1-APD2,L2-APD1,L2-APD2,L3-APD1,L3-APD2,L4-APD1,L4-APD2
-0.008239746093750026,-0.039791870117187586,-0.008953552246093758,0.037390136718749994,0.0019522094726562422,0.001773681640624995,0.0013397216796874906,0.0003628540039062201
-0.005472412109375019,-0.0405191040039063,-0.008478088378906285,0.037998046875000024,0.0019146728515625055,0.0017431640625000175,0.0012438964843749945,0.0003308105468749784
-0.007674255371093775,-0.04545623779296879,-0.010757751464843772,0.03510192871093752,0.002050476074218755,0.0016687011718750158,0.001494750976562497,0.0003289794921874749
-0.008056945800781283,-0.04136352539062502,-0.012810974121093766,0.03415954589843754,0.002031249999999988,0.0018081665039062448,0.0015588378906249978,0.0004937744140624846
-0.009607543945312505,-0.04556304931640633,-0.011484680175781279,0.037214965820312536,0.0018392944335937494,0.0016802978515624949,0.0016244506835937419,0.0004238891601562253
-0.00984558105468751,-0.03979736328125007,-0.012397460937500016,0.03848907470703125,0.002163696289062501,0.0018090820312500078,0.001491394042968745,0.00040161132812496433
-0.00500396728515628,-0.04698364257812514,-0.013052368164062512,0.03490447998046868,0.0019506835937499866,0.0018576049804687675,0.0014724731445312292,0.0004467773437499753
-0.009753723144531263,-0.04919769287109381,-0.013030700683593762,0.038132324218750104,0.0020611572265624885,0.0018374633789062598,0.0016677856445312458,0.0005285644531249894
